CREATE TABLE "mysecondmodule$variable" (
	"id" BIGINT NOT NULL,
	"key" VARCHAR_IGNORECASE(200) NULL,
	"datatype" VARCHAR_IGNORECASE(200) NULL,
	"createddate" TIMESTAMP NULL,
	"changeddate" TIMESTAMP NULL,
	"system$owner" BIGINT NULL,
	PRIMARY KEY("id"));
CREATE INDEX "idx_mysecondmodule$variable_system$owner" ON "mysecondmodule$variable" ("system$owner" ASC,"id" ASC);
INSERT INTO "mendixsystem$entity" ("id", 
"entity_name", 
"table_name", 
"remote", 
"remote_primary_key")
 VALUES ('0d9ba123-2e3f-47e8-8442-79b585d03d02', 
'MySecondModule.variable', 
'mysecondmodule$variable', 
false, 
false);
INSERT INTO "mendixsystem$attribute" ("id", 
"entity_id", 
"attribute_name", 
"column_name", 
"type", 
"length", 
"default_value", 
"is_auto_number")
 VALUES ('941da80c-eaf6-488c-9c70-d14a8b0b39c7', 
'0d9ba123-2e3f-47e8-8442-79b585d03d02', 
'key', 
'key', 
30, 
200, 
'', 
false);
INSERT INTO "mendixsystem$attribute" ("id", 
"entity_id", 
"attribute_name", 
"column_name", 
"type", 
"length", 
"default_value", 
"is_auto_number")
 VALUES ('3fee2fa5-c9bf-4dff-98d1-7b943687db50', 
'0d9ba123-2e3f-47e8-8442-79b585d03d02', 
'datatype', 
'datatype', 
30, 
200, 
'', 
false);
INSERT INTO "mendixsystem$attribute" ("id", 
"entity_id", 
"attribute_name", 
"column_name", 
"type", 
"length", 
"default_value", 
"is_auto_number")
 VALUES ('3b42c96a-01a9-3024-9055-d86ff6a92ed0', 
'0d9ba123-2e3f-47e8-8442-79b585d03d02', 
'createdDate', 
'createddate', 
20, 
0, 
'', 
false);
INSERT INTO "mendixsystem$attribute" ("id", 
"entity_id", 
"attribute_name", 
"column_name", 
"type", 
"length", 
"default_value", 
"is_auto_number")
 VALUES ('5072248b-dc62-3fe9-8ded-090f2b5c5158', 
'0d9ba123-2e3f-47e8-8442-79b585d03d02', 
'changedDate', 
'changeddate', 
20, 
0, 
'', 
false);
INSERT INTO "mendixsystem$index" ("id", 
"table_id", 
"index_name")
 VALUES ('78b100e0-0219-3042-8465-edaa3b72312f', 
'0d9ba123-2e3f-47e8-8442-79b585d03d02', 
'idx_mysecondmodule$variable_system$owner');
INSERT INTO "mendixsystem$index_column" ("index_id", 
"column_id", 
"sort_order", 
"ordinal")
 VALUES ('78b100e0-0219-3042-8465-edaa3b72312f', 
'7e876f94-e10e-3fd2-8c1f-ea6e5f04c656', 
false, 
0);
INSERT INTO "mendixsystem$association" ("id", 
"association_name", 
"table_name", 
"parent_entity_id", 
"child_entity_id", 
"parent_column_name", 
"child_column_name")
 VALUES ('7e876f94-e10e-3fd2-8c1f-ea6e5f04c656', 
'System.owner', 
'system$owner', 
'0d9ba123-2e3f-47e8-8442-79b585d03d02', 
'282e2e60-88a5-469d-84a5-ba8d9151644f', 
'id', 
'system$owner');
CREATE TABLE "mysecondmodule$template" (
	"id" BIGINT NOT NULL,
	"content" VARCHAR_IGNORECASE(2147483647) NULL,
	"name" VARCHAR_IGNORECASE(200) NULL,
	"createddate" TIMESTAMP NULL,
	"changeddate" TIMESTAMP NULL,
	"system$owner" BIGINT NULL,
	PRIMARY KEY("id"));
CREATE INDEX "idx_mysecondmodule$template_system$owner" ON "mysecondmodule$template" ("system$owner" ASC,"id" ASC);
INSERT INTO "mendixsystem$entity" ("id", 
"entity_name", 
"table_name", 
"remote", 
"remote_primary_key")
 VALUES ('0524ec44-0b9d-4fab-86d8-45945603cb2b', 
'MySecondModule.template', 
'mysecondmodule$template', 
false, 
false);
INSERT INTO "mendixsystem$attribute" ("id", 
"entity_id", 
"attribute_name", 
"column_name", 
"type", 
"length", 
"default_value", 
"is_auto_number")
 VALUES ('66518f50-d1f7-4a83-a084-c992eaead168', 
'0524ec44-0b9d-4fab-86d8-45945603cb2b', 
'content', 
'content', 
30, 
0, 
'', 
false);
INSERT INTO "mendixsystem$attribute" ("id", 
"entity_id", 
"attribute_name", 
"column_name", 
"type", 
"length", 
"default_value", 
"is_auto_number")
 VALUES ('e3f86e91-cafb-4beb-b40a-753548fcfd31', 
'0524ec44-0b9d-4fab-86d8-45945603cb2b', 
'name', 
'name', 
30, 
200, 
'', 
false);
INSERT INTO "mendixsystem$attribute" ("id", 
"entity_id", 
"attribute_name", 
"column_name", 
"type", 
"length", 
"default_value", 
"is_auto_number")
 VALUES ('63c5c0aa-e189-3b7d-99bd-7ad499feebbe', 
'0524ec44-0b9d-4fab-86d8-45945603cb2b', 
'createdDate', 
'createddate', 
20, 
0, 
'', 
false);
INSERT INTO "mendixsystem$attribute" ("id", 
"entity_id", 
"attribute_name", 
"column_name", 
"type", 
"length", 
"default_value", 
"is_auto_number")
 VALUES ('b09f0792-8313-3e09-980b-cbb2006bdb14', 
'0524ec44-0b9d-4fab-86d8-45945603cb2b', 
'changedDate', 
'changeddate', 
20, 
0, 
'', 
false);
INSERT INTO "mendixsystem$index" ("id", 
"table_id", 
"index_name")
 VALUES ('bb7d3500-536e-3ed5-98c4-4b884d7599bd', 
'0524ec44-0b9d-4fab-86d8-45945603cb2b', 
'idx_mysecondmodule$template_system$owner');
INSERT INTO "mendixsystem$index_column" ("index_id", 
"column_id", 
"sort_order", 
"ordinal")
 VALUES ('bb7d3500-536e-3ed5-98c4-4b884d7599bd', 
'3bf65ad0-041d-369a-a3a6-ee4ae583e759', 
false, 
0);
INSERT INTO "mendixsystem$association" ("id", 
"association_name", 
"table_name", 
"parent_entity_id", 
"child_entity_id", 
"parent_column_name", 
"child_column_name")
 VALUES ('3bf65ad0-041d-369a-a3a6-ee4ae583e759', 
'System.owner', 
'system$owner', 
'0524ec44-0b9d-4fab-86d8-45945603cb2b', 
'282e2e60-88a5-469d-84a5-ba8d9151644f', 
'id', 
'system$owner');
CREATE TABLE "mysecondmodule$template_variable" (
	"mysecondmodule$templateid" BIGINT NOT NULL,
	"mysecondmodule$variableid" BIGINT NOT NULL,
	PRIMARY KEY("mysecondmodule$templateid","mysecondmodule$variableid"),
	CONSTRAINT "uniq_mysecondmodule$template_variable_mysecondmodule$templateid" UNIQUE ("mysecondmodule$templateid"));
CREATE INDEX "idx_mysecondmodule$template_variable_mysecondmodule$variable_mysecondmodule$template" ON "mysecondmodule$template_variable" ("mysecondmodule$variableid" ASC,"mysecondmodule$templateid" ASC);
INSERT INTO "mendixsystem$association" ("id", 
"association_name", 
"table_name", 
"parent_entity_id", 
"child_entity_id", 
"parent_column_name", 
"child_column_name", 
"index_name")
 VALUES ('07840319-092c-46ed-abed-65822128e1f5', 
'MySecondModule.template_variable', 
'mysecondmodule$template_variable', 
'0524ec44-0b9d-4fab-86d8-45945603cb2b', 
'0d9ba123-2e3f-47e8-8442-79b585d03d02', 
'mysecondmodule$templateid', 
'mysecondmodule$variableid', 
'idx_mysecondmodule$template_variable_mysecondmodule$variable_mysecondmodule$template');
INSERT INTO "mendixsystem$unique_constraint" ("name", 
"table_id", 
"column_id")
 VALUES ('uniq_mysecondmodule$template_variable_mysecondmodule$templateid', 
'07840319-092c-46ed-abed-65822128e1f5', 
'2230b385-1195-30fd-8efb-8448209c9beb');
UPDATE "mendixsystem$version"
 SET "versionnumber" = '4.2', 
"lastsyncdate" = '20220525 14:04:43';
